{
  "HighSchool": {
    "9thGrade": [
      "Do well in school!",
      "Look for clubs/sports of interest",
      "Engage in team activities",
      "Look for future volunteering activities"
    ],
    "10thGrade": [
      "Do well in school",
      "Leadership in clubs",
      "Continue team activities",
      "Volunteer 10-20 hours over the year",
      "Quality over quantity - focus on ECs you're passionate about",
      "Consider starting a passion project/personal research on a topic/idea you're passionate about",
      "Compete in club activities (e.g. science olympiad, science fair, HOSA, etc.)"
    ],
    "11thGrade": [
      "Take SAT, anytime is fine, but second semester is best",
      "Take ACT, anytime is fine, but second semester is better",
      "Retake any exams necessary prior to August of 12th grade",
      "Do well in school",
      "Leadership in clubs",
      "Continue team activities",
      "Volunteer 10+ hours in something of interest",
      "Find scholarships of interest",
      "Request 2-3 professors for letters of rec (1 STEM, 1 non-STEM)",
      "Request 1-2 EC supervisors",
      "Apply for/consolidate competition awards, service awards, merit awards",
      "Summer bw 11th/12th: begin brainstorming/drafts of Common App essay"
    ],
    "12thGrade": [
      "Apply to CommonApp (or individual schools as needed)",
      "Apply to scholarships",
      "Apply 2-3 EA schools by October, if possible",
      "Apply 1 ED school if applicable",
      "Submit letters of recommendation",
      "Continue to do well in school"
    ]
  },
  "CollegeUndergraduate": {
    "Freshman": [
      "Do well in school!",
      "Take 1/2 premed, prereqs (e.g. psych, soci, gen chem, gen bio, math, etc.)",
      "Major does NOT matter - explore classes and pick a field you enjoy",
      "Look for clubs/sports of interest - healthcare-related and non-healthcare-related",
      "Engage in team activities",
      "Apply for freshman representative positions in 1-3 clubs",
      "Start a long-term volunteering opportunity, can be through a club",
      "Engage with professors through office hours and in class",
      "Find (join if possible) lab projects of interest (1-5 hours per week is enough)",
      "2nd semester: meet with an advisor for a 4-year plan if planning early graduation/joint master's program",
      "Find jobs related to healthcare, customer service, or jobs working with people if needed"
    ],
    "Sophomore": [
      "Maintain GPA (target: 3.0-4.0)",
      "Take remaining premed, prereqs (e.g. orgo, physics, etc.)",
      "For dental students: finish gen chem, gen bio, and orgo by end of 2nd semester",
      "Leadership in clubs, continued interest and leadership",
      "Run 1+ event through student org",
      "Commit to 1+ social justice event (voting, group advocacy)",
      "Continue team activities and other orgs (2-3)",
      "Volunteer 10+ hours per semester",
      "Join research lab if not already done, work on lab project",
      "Shadow physician(s) of interest over summer",
      "Shadow dentists of interest over summer (majority general, some specialists)",
      "Plan to take DAT in August during the summer between sophomore and junior year"
    ],
    "Junior": [
      "Take final MCAT/DAT by second semester, no later than June",
      "Maintain GPA",
      "Finish any remaining prereqs for medical school",
      "Continue leadership in clubs",
      "Run 1+ event through student org",
      "Commit to 1+ social justice event",
      "Continue team activities and other orgs (2-3)",
      "Volunteer 10+ hours per semester",
      "Find scholarships of interest",
      "Apply for composite/committee letter if applicable",
      "Request 2-3 professors for letters of recommendation (2 BCPM, 1 SS)",
      "Request 1-2 EC supervisors",
      "Begin school list, take required classes",
      "Apply for/consolidate competition awards, service awards, merit awards",
      "Start sample essays and activity writeups Jan/Feb before application cycle",
      "Start AMCAS, TMDSAS, AACOMAS, AADSAS in May",
      "Start interview prep after submitting applications"
    ],
    "Senior": [
      "Continue interests",
      "Lighten workload"
    ]
  },
  "MedicalDentalSchool": {
    "FirstYear": [],
    "SecondYear": [],
    "ThirdYear": [],
    "FourthYear": []
  }
}
